{"cameraMode":{"drawMode":0,"name":"Shaded","section":"Shading Mode"},"sceneLighting":true,"audioPlay":false,"sceneViewState":{"showFog":false,"showMaterialUpdate":false,"showSkybox":false,"showFlares":false,"showImageEffects":false,"showParticleSystems":false},"in2DMode":false,"pivot":{"x":2.783376693725586,"y":0.8722845315933228,"z":1.6619067192077637},"rotation":{"x":0.11154590547084809,"y":0.33580827713012698,"z":-0.0400860533118248,"w":0.9344427585601807},"size":4.207394599914551,"orthographic":false}